{
  "urls": [
    "cleanus1.mp3",
    "cleanus1.ogg"
  ],
  "sprite": {
    "KDE_Logout": [
      0,
      2820.9977324263036
    ],
    "KDE_Startup": [
      3300,
      5589.97732426304
    ],
    "KDE_Error": [
      9600.000000000002,
      731.2018140589576
    ],
    "KDE_Event": [
      10900.000000000002,
      809.5691609977323
    ],
    "KDE_Event2": [
      12200.000000000002,
      809.5691609977323
    ],
    "KDE_Window_Open": [
      13500,
      156.50793650793736
    ]
  }
}