{
  "urls": [
    "feather.mp3",
    "feather.ogg"
  ],
  "sprite": {
    "loading": [
      0,
      10899.773242630385
    ],
    "loading_2": [
      11300,
      10999.773242630386
    ],
    "opening": [
      22600,
      4399.773242630385
    ],
    "ending": [
      27900.000000000004,
      4099.773242630387
    ],
    "critical": [
      33200,
      3999.773242630383
    ],
    "fail": [
      37500,
      1099.7732426303842
    ],
    "beep": [
      39800,
      643.7868480725655
    ],
    "popup": [
      41100,
      999.7732426303827
    ],
    "IM_notification": [
      42400,
      1399.7732426303883
    ],
    "new_mail_notification": [
      44700,
      1599.7732426303842
    ]
  }
}